[
    {
      "1970": 16.66, 
      "1971": 16.66, 
      "1972": 16.66, 
      "1973": 16.66, 
      "1974": 16.66, 
      "1975": 16.66, 
      "1976": 16.66, 
      "1977": 17.88, 
      "1978": 19.65, 
      "1979": 19.65, 
      "1980": 26.37, 
      "1981": 32.71, 
      "1982": 32.71, 
      "1983": 32.71, 
      "1984": 17.89, 
      "1985": 18.57, 
      "1986": 18.57, 
      "1987": 18.57, 
      "1988": 18.57, 
      "1989": 18.57, 
      "1990": 18.57, 
      "1991": 18.57, 
      "1992": 18.57, 
      "1993": 27.58, 
      "1994": 27.58, 
      "1995": 27.58, 
      "1996": 27.58, 
      "1997": 27.58, 
      "1998": 27.58, 
      "1999": 27.58, 
      "2000": 27.58, 
      "2001": 27.58, 
      "2002": 27.58, 
      "2003": 27.58, 
      "2004": 27.58, 
      "2005": 27.58, 
      "2006": 27.58, 
      "2007": 27.58, 
      "2008": 27.58, 
      "2009": 27.58, 
      "2010": 27.58, 
      "2011": 27.58, 
      "2012": 27.58, 
      "2013": 27.58, 
      "2014": 27.58, 
      "2015": 27.58, 
      "2016": 80.5, 
      "2017": 84.41, 
      "2018": 85.63, 
      "2019": 85.63, 
      "Country Code": "AFG", 
      "Country Name": "Afghanistan", 
      "_id": "doc_0"
    }, 
    {
      "1970": 5.74, 
      "1971": 5.74, 
      "1972": 5.74, 
      "1973": 10.71, 
      "1974": 10.86, 
      "1975": 11.57, 
      "1976": 10.85, 
      "1977": 11.11, 
      "1978": 11.15, 
      "1979": 11.29, 
      "1980": 11.5, 
      "1981": 11.79, 
      "1982": 14.08, 
      "1983": 19.18, 
      "1984": 26.29, 
      "1985": 27.42, 
      "1986": 28.42, 
      "1987": 28.11, 
      "1988": 38.92, 
      "1989": 33.14, 
      "1990": 41.07, 
      "1991": 45.67, 
      "1992": 48.79, 
      "1993": 52.03, 
      "1994": 52.03, 
      "1995": 52.03, 
      "1996": 52.03, 
      "1997": 52.03, 
      "1998": 52.03, 
      "1999": 52.03, 
      "2000": 24.35, 
      "2001": 24.79, 
      "2002": 25.18, 
      "2003": 29.58, 
      "2004": 31.79, 
      "2005": 33.95, 
      "2006": 33.95, 
      "2007": 38.66, 
      "2008": 41.65, 
      "2009": 48.36, 
      "2010": 51.55, 
      "2011": 56.38, 
      "2012": 63.0, 
      "2013": 70.72, 
      "2014": 69.57, 
      "2015": 64.54, 
      "2016": 67.67, 
      "2017": 68.38, 
      "2018": 63.02, 
      "2019": 59.38, 
      "Country Code": "BDI", 
      "Country Name": "Burundi", 
      "_id": "doc_1"
    }, 
    {
      "1970": 7.2, 
      "1971": 7.2, 
      "1972": 6.79, 
      "1973": 7.04, 
      "1974": 6.8, 
      "1975": 7.63, 
      "1976": 7.55, 
      "1977": 8.56, 
      "1978": 8.74, 
      "1979": 9.56, 
      "1980": 9.32, 
      "1981": 10.3, 
      "1982": 10.55, 
      "1983": 11.31, 
      "1984": 12.31, 
      "1985": 13.91, 
      "1986": 13.91, 
      "1987": 15.83, 
      "1988": 16.92, 
      "1989": 16.59, 
      "1990": 19.5, 
      "1991": 19.95, 
      "1992": 26.68, 
      "1993": 26.24, 
      "1994": 27.12, 
      "1995": 18.59, 
      "1996": 22.57, 
      "1997": 22.57, 
      "1998": 22.57, 
      "1999": 23.47, 
      "2000": 25.42, 
      "2001": 26.68, 
      "2002": 27.49, 
      "2003": 29.11, 
      "2004": 30.43, 
      "2005": 31.74, 
      "2006": 32.81, 
      "2007": 34.97, 
      "2008": 38.87, 
      "2009": 43.91, 
      "2010": 47.06, 
      "2011": 47.06, 
      "2012": 57.37, 
      "2013": 62.34, 
      "2014": 60.85, 
      "2015": 62.03, 
      "2016": 61.72, 
      "2017": 63.52, 
      "2018": 65.48, 
      "2019": 64.55, 
      "Country Code": "BFA", 
      "Country Name": "Burkina Faso", 
      "_id": "doc_2"
    }, 
    {
      "1970": 27.51, 
      "1971": 27.51, 
      "1972": 25.91, 
      "1973": 32.2, 
      "1974": 28.53, 
      "1975": 36.2, 
      "1976": 31.08, 
      "1977": 32.86, 
      "1978": 40.62, 
      "1979": 40.62, 
      "1980": 40.62, 
      "1981": 30.59, 
      "1982": 30.29, 
      "1983": 27.1, 
      "1984": 27.1, 
      "1985": 27.1, 
      "1986": 38.51, 
      "1987": 28.75, 
      "1988": 29.98, 
      "1989": 29.66, 
      "1990": 31.57, 
      "1991": 29.18, 
      "1992": 23.34, 
      "1993": 23.34, 
      "1994": 23.34, 
      "1995": 23.34, 
      "1996": 23.34, 
      "1997": 23.34, 
      "1998": 23.34, 
      "1999": 23.34, 
      "2000": 23.34, 
      "2001": 23.34, 
      "2002": 23.34, 
      "2003": 23.34, 
      "2004": 23.84, 
      "2005": 26.1, 
      "2006": 26.11, 
      "2007": 26.11, 
      "2008": 34.82, 
      "2009": 37.23, 
      "2010": 39.23, 
      "2011": 40.87, 
      "2012": 42.82, 
      "2013": 42.82, 
      "2014": 42.82, 
      "2015": 42.82, 
      "2016": 40.87, 
      "2017": 40.87, 
      "2018": 40.87, 
      "2019": 40.87, 
      "Country Code": "CAF", 
      "Country Name": "Central African Republic", 
      "_id": "doc_3"
    }, 
    {
      "1970": 41.39, 
      "1971": 41.39, 
      "1972": 43.55, 
      "1973": 43.55, 
      "1974": 43.55, 
      "1975": 43.55, 
      "1976": 53.84, 
      "1977": 56.76, 
      "1978": 60.32, 
      "1979": 60.32, 
      "1980": 59.91, 
      "1981": 62.08, 
      "1982": 64.59, 
      "1983": 67.0, 
      "1984": 69.33, 
      "1985": 69.33, 
      "1986": 69.33, 
      "1987": 69.33, 
      "1988": 50.41, 
      "1989": 50.41, 
      "1990": 50.41, 
      "1991": 52.34, 
      "1992": 48.67, 
      "1993": 56.14, 
      "1994": 47.38, 
      "1995": 47.38, 
      "1996": 47.38, 
      "1997": 47.38, 
      "1998": 47.38, 
      "1999": 34.88, 
      "2000": 34.88, 
      "2001": 34.88, 
      "2002": 42.71, 
      "2003": 42.71, 
      "2004": 42.71, 
      "2005": 42.71, 
      "2006": 42.71, 
      "2007": 55.44, 
      "2008": 60.51, 
      "2009": 63.12, 
      "2010": 63.64, 
      "2011": 65.57, 
      "2012": 70.9, 
      "2013": 69.77, 
      "2014": 69.77, 
      "2015": 69.91, 
      "2016": 69.91, 
      "2017": 69.91, 
      "2018": 69.91, 
      "2019": 69.91, 
      "Country Code": "COD", 
      "Country Name": "Congo, Dem. Rep.", 
      "_id": "doc_4"
    }, 
    {
      "1970": 25.92, 
      "1971": 25.92, 
      "1972": 25.92, 
      "1973": 25.92, 
      "1974": 25.92, 
      "1975": 25.92, 
      "1976": 25.92, 
      "1977": 25.92, 
      "1978": 25.92, 
      "1979": 25.92, 
      "1980": 25.92, 
      "1981": 25.92, 
      "1982": 25.92, 
      "1983": 25.92, 
      "1984": 25.92, 
      "1985": 25.92, 
      "1986": 25.92, 
      "1987": 25.92, 
      "1988": 25.92, 
      "1989": 25.92, 
      "1990": 25.92, 
      "1991": 25.92, 
      "1992": 25.92, 
      "1993": 25.92, 
      "1994": 25.92, 
      "1995": 31.77, 
      "1996": 42.59, 
      "1997": 47.24, 
      "1998": 47.24, 
      "1999": 45.39, 
      "2000": 48.51, 
      "2001": 49.5, 
      "2002": 48.97, 
      "2003": 55.23, 
      "2004": 64.34, 
      "2005": 79.4, 
      "2006": 79.72, 
      "2007": 79.34, 
      "2008": 82.02, 
      "2009": 87.97, 
      "2010": 76.33, 
      "2011": 73.28, 
      "2012": 66.09, 
      "2013": 61.04, 
      "2014": 61.04, 
      "2015": 62.84, 
      "2016": 62.84, 
      "2017": 64.19, 
      "2018": 60.27, 
      "2019": 60.27, 
      "Country Code": "ERI", 
      "Country Name": "Eritrea", 
      "_id": "doc_5"
    }, 
    {
      "1970": 18.16, 
      "1971": 18.16, 
      "1972": 18.16, 
      "1973": 18.16, 
      "1974": 18.16, 
      "1975": 18.16, 
      "1976": 18.16, 
      "1977": 18.16, 
      "1978": 18.16, 
      "1979": 18.16, 
      "1980": 18.16, 
      "1981": 18.16, 
      "1982": 18.16, 
      "1983": 24.59, 
      "1984": 24.59, 
      "1985": 24.59, 
      "1986": 24.59, 
      "1987": 24.59, 
      "1988": 24.01, 
      "1989": 22.82, 
      "1990": 22.82, 
      "1991": 22.82, 
      "1992": 22.82, 
      "1993": 14.11, 
      "1994": 14.11, 
      "1995": 13.96, 
      "1996": 14.94, 
      "1997": 14.94, 
      "1998": 17.15, 
      "1999": 19.82, 
      "2000": 22.32, 
      "2001": 27.74, 
      "2002": 31.61, 
      "2003": 34.93, 
      "2004": 37.7, 
      "2005": 43.46, 
      "2006": 47.19, 
      "2007": 47.29, 
      "2008": 49.45, 
      "2009": 51.36, 
      "2010": 57.7, 
      "2011": 52.55, 
      "2012": 50.31, 
      "2013": 50.31, 
      "2014": 53.39, 
      "2015": 54.11, 
      "2016": 54.11, 
      "2017": 54.11, 
      "2018": 54.11, 
      "2019": 54.11, 
      "Country Code": "ETH", 
      "Country Name": "Ethiopia", 
      "_id": "doc_6"
    }, 
    {
      "1970": 17.93, 
      "1971": 17.93, 
      "1972": 17.93, 
      "1973": 17.93, 
      "1974": 17.93, 
      "1975": 17.93, 
      "1976": 17.93, 
      "1977": 17.93, 
      "1978": 19.54, 
      "1979": 19.54, 
      "1980": 21.07, 
      "1981": 17.26, 
      "1982": 18.8, 
      "1983": 18.5, 
      "1984": 18.96, 
      "1985": 15.41, 
      "1986": 14.62, 
      "1987": 14.05, 
      "1988": 11.31, 
      "1989": 12.21, 
      "1990": 18.13, 
      "1991": 16.34, 
      "1992": 16.35, 
      "1993": 18.73, 
      "1994": 19.94, 
      "1995": 19.88, 
      "1996": 30.52, 
      "1997": 30.52, 
      "1998": 25.45, 
      "1999": 29.06, 
      "2000": 31.67, 
      "2001": 33.43, 
      "2002": 37.35, 
      "2003": 37.54, 
      "2004": 47.19, 
      "2005": 53.21, 
      "2006": 57.49, 
      "2007": 57.76, 
      "2008": 50.65, 
      "2009": 56.75, 
      "2010": 56.92, 
      "2011": 56.92, 
      "2012": 60.1, 
      "2013": 60.83, 
      "2014": 62.26, 
      "2015": 62.26, 
      "2016": 59.67, 
      "2017": 59.67, 
      "2018": 59.67, 
      "2019": 59.67, 
      "Country Code": "GIN", 
      "Country Name": "Guinea", 
      "_id": "doc_7"
    }, 
    {
      "1970": 20.31, 
      "1971": 20.31, 
      "1972": 22.67, 
      "1973": 22.27, 
      "1974": 21.91, 
      "1975": 23.5, 
      "1976": 22.81, 
      "1977": 18.32, 
      "1978": 23.92, 
      "1979": 24.69, 
      "1980": 27.45, 
      "1981": 27.63, 
      "1982": 31.69, 
      "1983": 35.7, 
      "1984": 41.95, 
      "1985": 44.18, 
      "1986": 46.75, 
      "1987": 50.8, 
      "1988": 50.8, 
      "1989": 44.04, 
      "1990": 44.04, 
      "1991": 44.04, 
      "1992": 43.27, 
      "1993": 41.38, 
      "1994": 40.41, 
      "1995": 43.13, 
      "1996": 50.38, 
      "1997": 47.54, 
      "1998": 47.54, 
      "1999": 67.92, 
      "2000": 66.13, 
      "2001": 65.98, 
      "2002": 63.36, 
      "2003": 65.83, 
      "2004": 64.35, 
      "2005": 61.29, 
      "2006": 59.51, 
      "2007": 66.34, 
      "2008": 72.35, 
      "2009": 72.35, 
      "2010": 67.1, 
      "2011": 63.97, 
      "2012": 65.68, 
      "2013": 66.42, 
      "2014": 67.0, 
      "2015": 67.47, 
      "2016": 69.27, 
      "2017": 69.27, 
      "2018": 69.27, 
      "2019": 78.94, 
      "Country Code": "GMB", 
      "Country Name": "Gambia, The", 
      "_id": "doc_8"
    }, 
    {
      "1970": 6.93, 
      "1971": 6.93, 
      "1972": 6.93, 
      "1973": 6.93, 
      "1974": 6.93, 
      "1975": 6.93, 
      "1976": 6.93, 
      "1977": 6.93, 
      "1978": 6.93, 
      "1979": 15.09, 
      "1980": 11.25, 
      "1981": 16.39, 
      "1982": 17.81, 
      "1983": 14.29, 
      "1984": 13.49, 
      "1985": 13.49, 
      "1986": 13.49, 
      "1987": 9.82, 
      "1988": 6.54, 
      "1989": 6.54, 
      "1990": 6.54, 
      "1991": 6.54, 
      "1992": 6.54, 
      "1993": 28.31, 
      "1994": 28.31, 
      "1995": 28.31, 
      "1996": 28.31, 
      "1997": 28.31, 
      "1998": 28.31, 
      "1999": 28.31, 
      "2000": 28.31, 
      "2001": 28.31, 
      "2002": 28.31, 
      "2003": 65.14, 
      "2004": 65.14, 
      "2005": 65.14, 
      "2006": 65.14, 
      "2007": 65.14, 
      "2008": 65.14, 
      "2009": 65.14, 
      "2010": 65.14, 
      "2011": 65.14, 
      "2012": 65.14, 
      "2013": 65.14, 
      "2014": 65.14, 
      "2015": 65.14, 
      "2016": 65.14, 
      "2017": 65.14, 
      "2018": 65.14, 
      "2019": 65.14, 
      "Country Code": "GNB", 
      "Country Name": "Guinea-Bissau", 
      "_id": "doc_9"
    }, 
    {
      "1970": 29.29, 
      "1971": 29.29, 
      "1972": 29.29, 
      "1973": 29.29, 
      "1974": 29.29, 
      "1975": 29.29, 
      "1976": 29.29, 
      "1977": 29.29, 
      "1978": 29.29, 
      "1979": 29.29, 
      "1980": 29.29, 
      "1981": 29.29, 
      "1982": 29.29, 
      "1983": 29.29, 
      "1984": 29.29, 
      "1985": 29.29, 
      "1986": 29.29, 
      "1987": 29.29, 
      "1988": 29.29, 
      "1989": 29.29, 
      "1990": 29.29, 
      "1991": 29.29, 
      "1992": 29.29, 
      "1993": 29.29, 
      "1994": 29.29, 
      "1995": 29.29, 
      "1996": 29.29, 
      "1997": 66.63, 
      "1998": 66.63, 
      "1999": 66.63, 
      "2000": 66.63, 
      "2001": 66.63, 
      "2002": 66.63, 
      "2003": 66.63, 
      "2004": 66.63, 
      "2005": 66.63, 
      "2006": 66.63, 
      "2007": 62.92, 
      "2008": 62.92, 
      "2009": 62.09, 
      "2010": 62.09, 
      "2011": 66.85, 
      "2012": 66.85, 
      "2013": 66.85, 
      "2014": 60.01, 
      "2015": 60.01, 
      "2016": 60.01, 
      "2017": 60.6, 
      "2018": 60.6, 
      "2019": 60.6, 
      "Country Code": "LBR", 
      "Country Name": "Liberia", 
      "_id": "doc_10"
    }, 
    {
      "1970": 27.01, 
      "1971": 27.01, 
      "1972": 29.64, 
      "1973": 29.22, 
      "1974": 29.22, 
      "1975": 31.74, 
      "1976": 31.74, 
      "1977": 31.74, 
      "1978": 31.74, 
      "1979": 31.74, 
      "1980": 31.74, 
      "1981": 31.74, 
      "1982": 37.54, 
      "1983": 37.54, 
      "1984": 37.54, 
      "1985": 37.54, 
      "1986": 37.54, 
      "1987": 37.54, 
      "1988": 37.54, 
      "1989": 35.41, 
      "1990": 35.06, 
      "1991": 33.79, 
      "1992": 31.01, 
      "1993": 31.91, 
      "1994": 29.15, 
      "1995": 28.91, 
      "1996": 29.5, 
      "1997": 29.5, 
      "1998": 30.22, 
      "1999": 33.52, 
      "2000": 36.71, 
      "2001": 36.2, 
      "2002": 36.26, 
      "2003": 40.09, 
      "2004": 45.98, 
      "2005": 58.29, 
      "2006": 57.08, 
      "2007": 61.22, 
      "2008": 67.43, 
      "2009": 73.95, 
      "2010": 70.38, 
      "2011": 70.7, 
      "2012": 69.13, 
      "2013": 67.96, 
      "2014": 68.2, 
      "2015": 68.65, 
      "2016": 67.58, 
      "2017": 67.58, 
      "2018": 65.47, 
      "2019": 63.28, 
      "Country Code": "MDG", 
      "Country Name": "Madagascar", 
      "_id": "doc_11"
    }, 
    {
      "1970": 10.05, 
      "1971": 10.05, 
      "1972": 9.23, 
      "1973": 9.61, 
      "1974": 10.37, 
      "1975": 10.37, 
      "1976": 11.51, 
      "1977": 13.82, 
      "1978": 12.93, 
      "1979": 13.63, 
      "1980": 12.06, 
      "1981": 11.62, 
      "1982": 11.62, 
      "1983": 11.83, 
      "1984": 11.3, 
      "1985": 10.66, 
      "1986": 9.8, 
      "1987": 9.73, 
      "1988": 9.41, 
      "1989": 9.41, 
      "1990": 9.41, 
      "1991": 31.07, 
      "1992": 31.07, 
      "1993": 31.07, 
      "1994": 31.07, 
      "1995": 31.07, 
      "1996": 31.07, 
      "1997": 31.07, 
      "1998": 31.07, 
      "1999": 31.07, 
      "2000": 31.07, 
      "2001": 35.12, 
      "2002": 36.03, 
      "2003": 39.06, 
      "2004": 40.86, 
      "2005": 42.26, 
      "2006": 47.32, 
      "2007": 50.3, 
      "2008": 52.93, 
      "2009": 54.47, 
      "2010": 57.57, 
      "2011": 58.27, 
      "2012": 54.55, 
      "2013": 54.25, 
      "2014": 53.21, 
      "2015": 50.93, 
      "2016": 51.05, 
      "2017": 49.61, 
      "2018": 49.61, 
      "2019": 49.61, 
      "Country Code": "MLI", 
      "Country Name": "Mali", 
      "_id": "doc_12"
    }, 
    {
      "1970": 8.55, 
      "1971": 8.55, 
      "1972": 8.55, 
      "1973": 8.55, 
      "1974": 8.55, 
      "1975": 8.55, 
      "1976": 8.55, 
      "1977": 8.55, 
      "1978": 8.55, 
      "1979": 8.55, 
      "1980": 8.55, 
      "1981": 8.55, 
      "1982": 36.7, 
      "1983": 28.66, 
      "1984": 33.99, 
      "1985": 34.38, 
      "1986": 46.07, 
      "1987": 34.61, 
      "1988": 27.32, 
      "1989": 26.95, 
      "1990": 28.11, 
      "1991": 28.22, 
      "1992": 26.15, 
      "1993": 25.77, 
      "1994": 25.98, 
      "1995": 26.36, 
      "1996": 26.36, 
      "1997": 26.36, 
      "1998": 26.36, 
      "1999": 14.38, 
      "2000": 16.58, 
      "2001": 19.37, 
      "2002": 22.77, 
      "2003": 22.77, 
      "2004": 29.85, 
      "2005": 41.83, 
      "2006": 41.26, 
      "2007": 45.44, 
      "2008": 58.13, 
      "2009": 55.27, 
      "2010": 58.99, 
      "2011": 54.88, 
      "2012": 52.04, 
      "2013": 49.55, 
      "2014": 48.81, 
      "2015": 48.95, 
      "2016": 48.95, 
      "2017": 47.14, 
      "2018": 51.99, 
      "2019": 54.73, 
      "Country Code": "MOZ", 
      "Country Name": "Mozambique", 
      "_id": "doc_13"
    }, 
    {
      "1970": 20.44, 
      "1971": 20.44, 
      "1972": 20.44, 
      "1973": 20.44, 
      "1974": 20.44, 
      "1975": 21.69, 
      "1976": 23.83, 
      "1977": 28.18, 
      "1978": 29.17, 
      "1979": 31.13, 
      "1980": 31.68, 
      "1981": 34.19, 
      "1982": 33.83, 
      "1983": 33.66, 
      "1984": 32.17, 
      "1985": 33.4, 
      "1986": 32.69, 
      "1987": 32.67, 
      "1988": 26.56, 
      "1989": 27.68, 
      "1990": 30.32, 
      "1991": 33.78, 
      "1992": 37.54, 
      "1993": 39.86, 
      "1994": 42.33, 
      "1995": 54.82, 
      "1996": 63.49, 
      "1997": 63.49, 
      "1998": 63.49, 
      "1999": 64.44, 
      "2000": 63.48, 
      "2001": 65.07, 
      "2002": 68.63, 
      "2003": 68.63, 
      "2004": 60.58, 
      "2005": 60.38, 
      "2006": 59.86, 
      "2007": 60.64, 
      "2008": 65.31, 
      "2009": 66.77, 
      "2010": 69.21, 
      "2011": 71.61, 
      "2012": 74.8, 
      "2013": 80.04, 
      "2014": 80.0, 
      "2015": 80.0, 
      "2016": 80.0, 
      "2017": 80.0, 
      "2018": 80.0, 
      "2019": 80.35, 
      "Country Code": "MWI", 
      "Country Name": "Malawi", 
      "_id": "doc_14"
    }, 
    {
      "1970": 5.31, 
      "1971": 5.31, 
      "1972": 6.46, 
      "1973": 6.55, 
      "1974": 6.48, 
      "1975": 6.86, 
      "1976": 7.51, 
      "1977": 8.4, 
      "1978": 10.25, 
      "1979": 10.67, 
      "1980": 13.72, 
      "1981": 14.63, 
      "1982": 16.93, 
      "1983": 18.34, 
      "1984": 19.98, 
      "1985": 19.63, 
      "1986": 21.68, 
      "1987": 22.74, 
      "1988": 22.74, 
      "1989": 14.87, 
      "1990": 16.32, 
      "1991": 17.37, 
      "1992": 18.19, 
      "1993": 16.11, 
      "1994": 13.45, 
      "1995": 13.45, 
      "1996": 13.85, 
      "1997": 17.82, 
      "1998": 18.78, 
      "1999": 19.38, 
      "2000": 18.38, 
      "2001": 19.4, 
      "2002": 21.11, 
      "2003": 20.47, 
      "2004": 26.62, 
      "2005": 29.4, 
      "2006": 32.2, 
      "2007": 38.88, 
      "2008": 37.41, 
      "2009": 39.66, 
      "2010": 39.69, 
      "2011": 44.36, 
      "2012": 47.79, 
      "2013": 47.72, 
      "2014": 57.61, 
      "2015": 57.61, 
      "2016": 71.63, 
      "2017": 71.63, 
      "2018": 71.63, 
      "2019": 62.26, 
      "Country Code": "NER", 
      "Country Name": "Niger", 
      "_id": "doc_15"
    }, 
    {
      "1970": 18.02, 
      "1971": 18.02, 
      "1972": 18.37, 
      "1973": 19.06, 
      "1974": 18.85, 
      "1975": 19.78, 
      "1976": 20.26, 
      "1977": 20.9, 
      "1978": 22.31, 
      "1979": 23.12, 
      "1980": 23.66, 
      "1981": 23.93, 
      "1982": 26.91, 
      "1983": 27.23, 
      "1984": 27.63, 
      "1985": 27.8, 
      "1986": 29.45, 
      "1987": 28.27, 
      "1988": 26.64, 
      "1989": 25.22, 
      "1990": 26.69, 
      "1991": 28.43, 
      "1992": 28.39, 
      "1993": 30.49, 
      "1994": 29.84, 
      "1995": 30.62, 
      "1996": 33.32, 
      "1997": 36.02, 
      "1998": 35.95, 
      "1999": 36.33, 
      "2000": 35.33, 
      "2001": 36.5, 
      "2002": 37.96, 
      "2003": 41.79, 
      "2004": 44.1, 
      "2005": 47.71, 
      "2006": 48.53, 
      "2007": 51.13, 
      "2008": 54.2, 
      "2009": 56.62, 
      "2010": 56.89, 
      "2011": 57.25, 
      "2012": 58.38, 
      "2013": 97.33, 
      "2014": 97.33, 
      "2015": 97.33, 
      "2016": 97.33, 
      "2017": 97.33, 
      "2018": 97.33, 
      "2019": 97.33, 
      "Country Code": "PRK", 
      "Country Name": "Korea, Dem. People's Rep.", 
      "_id": "doc_16"
    }, 
    {
      "1970": 21.01, 
      "1971": 21.01, 
      "1972": 22.82, 
      "1973": 25.33, 
      "1974": 26.55, 
      "1975": 28.31, 
      "1976": 28.31, 
      "1977": 30.28, 
      "1978": 27.82, 
      "1979": 27.82, 
      "1980": 37.54, 
      "1981": 48.51, 
      "1982": 47.55, 
      "1983": 45.69, 
      "1984": 46.57, 
      "1985": 47.48, 
      "1986": 43.74, 
      "1987": 42.9, 
      "1988": 43.26, 
      "1989": 43.37, 
      "1990": 42.48, 
      "1991": 42.95, 
      "1992": 46.2, 
      "1993": 46.2, 
      "1994": 46.2, 
      "1995": 46.2, 
      "1996": 31.95, 
      "1997": 31.95, 
      "1998": 31.95, 
      "1999": 31.95, 
      "2000": 25.08, 
      "2001": 26.43, 
      "2002": 32.06, 
      "2003": 41.74, 
      "2004": 40.76, 
      "2005": 40.76, 
      "2006": 40.76, 
      "2007": 40.76, 
      "2008": 51.29, 
      "2009": 69.37, 
      "2010": 71.87, 
      "2011": 71.87, 
      "2012": 71.16, 
      "2013": 69.15, 
      "2014": 62.99, 
      "2015": 63.35, 
      "2016": 69.06, 
      "2017": 78.2, 
      "2018": 86.55, 
      "2019": 97.4, 
      "Country Code": "RWA", 
      "Country Name": "Rwanda", 
      "_id": "doc_17"
    }, 
    {
      "1970": 18.19, 
      "1971": 18.19, 
      "1972": 18.61, 
      "1973": 19.41, 
      "1974": 19.28, 
      "1975": 20.26, 
      "1976": 20.71, 
      "1977": 21.42, 
      "1978": 22.61, 
      "1979": 23.38, 
      "1980": 24.43, 
      "1981": 25.29, 
      "1982": 28.05, 
      "1983": 28.25, 
      "1984": 28.68, 
      "1985": 28.89, 
      "1986": 30.24, 
      "1987": 29.08, 
      "1988": 27.56, 
      "1989": 26.23, 
      "1990": 27.57, 
      "1991": 29.24, 
      "1992": 29.38, 
      "1993": 31.36, 
      "1994": 30.75, 
      "1995": 31.48, 
      "1996": 33.25, 
      "1997": 35.79, 
      "1998": 35.72, 
      "1999": 36.08, 
      "2000": 61.12, 
      "2001": 61.12, 
      "2002": 61.12, 
      "2003": 61.12, 
      "2004": 61.12, 
      "2005": 61.12, 
      "2006": 61.12, 
      "2007": 61.12, 
      "2008": 61.12, 
      "2009": 61.12, 
      "2010": 61.12, 
      "2011": 61.12, 
      "2012": 57.55, 
      "2013": 58.09, 
      "2014": 58.25, 
      "2015": 59.24, 
      "2016": 59.84, 
      "2017": 61.69, 
      "2018": 61.69, 
      "2019": 61.69, 
      "Country Code": "SDN", 
      "Country Name": "Sudan", 
      "_id": "doc_18"
    }, 
    {
      "1970": 18.28, 
      "1971": 18.28, 
      "1972": 18.72, 
      "1973": 19.56, 
      "1974": 19.42, 
      "1975": 20.46, 
      "1976": 20.93, 
      "1977": 21.62, 
      "1978": 22.58, 
      "1979": 22.58, 
      "1980": 22.58, 
      "1981": 25.82, 
      "1982": 25.82, 
      "1983": 25.77, 
      "1984": 25.77, 
      "1985": 25.77, 
      "1986": 25.77, 
      "1987": 25.77, 
      "1988": 25.77, 
      "1989": 25.77, 
      "1990": 25.77, 
      "1991": 25.77, 
      "1992": 25.77, 
      "1993": 61.12, 
      "1994": 61.12, 
      "1995": 61.12, 
      "1996": 61.12, 
      "1997": 61.12, 
      "1998": 61.12, 
      "1999": 61.12, 
      "2000": 61.12, 
      "2001": 74.27, 
      "2002": 74.27, 
      "2003": 74.27, 
      "2004": 74.27, 
      "2005": 74.27, 
      "2006": 74.27, 
      "2007": 74.27, 
      "2008": 74.27, 
      "2009": 74.27, 
      "2010": 74.27, 
      "2011": 67.86, 
      "2012": 64.16, 
      "2013": 62.98, 
      "2014": 62.98, 
      "2015": 59.79, 
      "2016": 68.33, 
      "2017": 70.19, 
      "2018": 81.79, 
      "2019": 83.21, 
      "Country Code": "SLE", 
      "Country Name": "Sierra Leone", 
      "_id": "doc_19"
    }, 
    {
      "1970": 18.19, 
      "1971": 18.19, 
      "1972": 18.62, 
      "1973": 19.42, 
      "1974": 19.28, 
      "1975": 20.27, 
      "1976": 20.72, 
      "1977": 21.43, 
      "1978": 22.61, 
      "1979": 23.34, 
      "1980": 24.34, 
      "1981": 25.32, 
      "1982": 27.94, 
      "1983": 28.13, 
      "1984": 28.54, 
      "1985": 28.74, 
      "1986": 30.02, 
      "1987": 28.92, 
      "1988": 27.47, 
      "1989": 26.2, 
      "1990": 27.48, 
      "1991": 29.06, 
      "1992": 29.2, 
      "1993": 32.85, 
      "1994": 32.26, 
      "1995": 32.96, 
      "1996": 34.64, 
      "1997": 37.06, 
      "1998": 36.99, 
      "1999": 37.33, 
      "2000": 37.4, 
      "2001": 39.12, 
      "2002": 40.64, 
      "2003": 44.38, 
      "2004": 46.29, 
      "2005": 49.36, 
      "2006": 50.06, 
      "2007": 52.27, 
      "2008": 55.4, 
      "2009": 58.37, 
      "2010": 58.72, 
      "2011": 58.7, 
      "2012": 59.27, 
      "2013": 61.54, 
      "2014": 61.44, 
      "2015": 61.23, 
      "2016": 65.27, 
      "2017": 66.17, 
      "2018": 67.0, 
      "2019": 67.45, 
      "Country Code": "SOM", 
      "Country Name": "Somalia", 
      "_id": "doc_20"
    }, 
    {
      "1970": 27.44, 
      "1971": 27.44, 
      "1972": 27.44, 
      "1973": 27.44, 
      "1974": 27.44, 
      "1975": 27.44, 
      "1976": 27.44, 
      "1977": 27.44, 
      "1978": 27.44, 
      "1979": 27.44, 
      "1980": 27.44, 
      "1981": 27.44, 
      "1982": 27.44, 
      "1983": 27.44, 
      "1984": 27.44, 
      "1985": 27.44, 
      "1986": 27.44, 
      "1987": 27.44, 
      "1988": 27.44, 
      "1989": 27.44, 
      "1990": 27.44, 
      "1991": 27.44, 
      "1992": 27.44, 
      "1993": 27.44, 
      "1994": 27.44, 
      "1995": 27.44, 
      "1996": 27.44, 
      "1997": 27.44, 
      "1998": 27.44, 
      "1999": 27.44, 
      "2000": 27.44, 
      "2001": 27.44, 
      "2002": 27.44, 
      "2003": 27.44, 
      "2004": 27.44, 
      "2005": 27.44, 
      "2006": 27.44, 
      "2007": 27.44, 
      "2008": 27.44, 
      "2009": 27.44, 
      "2010": 27.44, 
      "2011": 27.44, 
      "2012": 27.44, 
      "2013": 27.44, 
      "2014": 27.44, 
      "2015": 27.44, 
      "2016": 27.44, 
      "2017": 27.44, 
      "2018": 27.44, 
      "2019": 27.44, 
      "Country Code": "SSD", 
      "Country Name": "South Sudan", 
      "_id": "doc_21"
    }, 
    {
      "1970": 55.21, 
      "1971": 55.21, 
      "1972": 59.09, 
      "1973": 59.33, 
      "1974": 63.79, 
      "1975": 67.86, 
      "1976": 71.99, 
      "1977": 75.44, 
      "1978": 77.77, 
      "1979": 74.83, 
      "1980": 73.22, 
      "1981": 74.64, 
      "1982": 79.07, 
      "1983": 81.05, 
      "1984": 82.34, 
      "1985": 84.9, 
      "1986": 86.63, 
      "1987": 87.0, 
      "1988": 86.9, 
      "1989": 89.7, 
      "1990": 89.9, 
      "1991": 91.46, 
      "1992": 95.84, 
      "1993": 88.01, 
      "1994": 90.17, 
      "1995": 89.59, 
      "1996": 91.35, 
      "1997": 91.27, 
      "1998": 91.2, 
      "1999": 91.77, 
      "2000": 91.24, 
      "2001": 92.74, 
      "2002": 95.02, 
      "2003": 106.07, 
      "2004": 107.47, 
      "2005": 109.01, 
      "2006": 108.91, 
      "2007": 106.01, 
      "2008": 104.1, 
      "2009": 103.06, 
      "2010": 103.37, 
      "2011": 106.91, 
      "2012": 113.62, 
      "2013": 72.29, 
      "2014": 72.29, 
      "2015": 72.29, 
      "2016": 72.29, 
      "2017": 72.29, 
      "2018": 72.29, 
      "2019": 72.29, 
      "Country Code": "SYR", 
      "Country Name": "Syrian Arab Republic", 
      "_id": "doc_22"
    }, 
    {
      "1970": 15.26, 
      "1971": 15.26, 
      "1972": 15.26, 
      "1973": 12.94, 
      "1974": 12.94, 
      "1975": 12.94, 
      "1976": 11.77, 
      "1977": 11.11, 
      "1978": 11.11, 
      "1979": 11.11, 
      "1980": 11.11, 
      "1981": 11.11, 
      "1982": 11.11, 
      "1983": 11.58, 
      "1984": 11.58, 
      "1985": 11.58, 
      "1986": 11.58, 
      "1987": 12.92, 
      "1988": 11.58, 
      "1989": 12.92, 
      "1990": 16.51, 
      "1991": 18.14, 
      "1992": 18.14, 
      "1993": 18.14, 
      "1994": 18.15, 
      "1995": 14.33, 
      "1996": 14.92, 
      "1997": 15.5, 
      "1998": 15.5, 
      "1999": 20.05, 
      "2000": 22.15, 
      "2001": 24.39, 
      "2002": 27.12, 
      "2003": 31.94, 
      "2004": 33.49, 
      "2005": 30.1, 
      "2006": 29.6, 
      "2007": 29.6, 
      "2008": 29.6, 
      "2009": 31.08, 
      "2010": 30.86, 
      "2011": 33.94, 
      "2012": 34.4, 
      "2013": 37.66, 
      "2014": 37.66, 
      "2015": 37.5, 
      "2016": 41.32, 
      "2017": 37.92, 
      "2018": 40.56, 
      "2019": 40.56, 
      "Country Code": "TCD", 
      "Country Name": "Chad", 
      "_id": "doc_23"
    }, 
    {
      "1970": 25.26, 
      "1971": 25.26, 
      "1972": 30.58, 
      "1973": 30.58, 
      "1974": 30.58, 
      "1975": 42.74, 
      "1976": 42.74, 
      "1977": 42.74, 
      "1978": 52.31, 
      "1979": 51.8, 
      "1980": 53.4, 
      "1981": 50.06, 
      "1982": 47.7, 
      "1983": 46.68, 
      "1984": 40.3, 
      "1985": 33.94, 
      "1986": 33.71, 
      "1987": 32.35, 
      "1988": 37.58, 
      "1989": 30.37, 
      "1990": 36.37, 
      "1991": 36.38, 
      "1992": 37.11, 
      "1993": 37.11, 
      "1994": 28.44, 
      "1995": 40.4, 
      "1996": 47.02, 
      "1997": 57.26, 
      "1998": 57.26, 
      "1999": 57.26, 
      "2000": 66.63, 
      "2001": 73.86, 
      "2002": 73.86, 
      "2003": 74.66, 
      "2004": 76.71, 
      "2005": 76.05, 
      "2006": 75.5, 
      "2007": 75.5, 
      "2008": 67.11, 
      "2009": 66.05, 
      "2010": 70.36, 
      "2011": 71.92, 
      "2012": 75.13, 
      "2013": 78.34, 
      "2014": 84.2, 
      "2015": 84.2, 
      "2016": 92.72, 
      "2017": 91.61, 
      "2018": 89.67, 
      "2019": 87.42, 
      "Country Code": "TGO", 
      "Country Name": "42.74071121", 
      "_id": "doc_24"
    }, 
    {
      "1970": 39.98, 
      "1971": 39.98, 
      "1972": 39.98, 
      "1973": 39.98, 
      "1974": 39.98, 
      "1975": 39.98, 
      "1976": 40.08, 
      "1977": 40.08, 
      "1978": 42.06, 
      "1979": 42.06, 
      "1980": 42.06, 
      "1981": 42.06, 
      "1982": 42.06, 
      "1983": 42.97, 
      "1984": 42.97, 
      "1985": 42.97, 
      "1986": 38.82, 
      "1987": 38.82, 
      "1988": 38.82, 
      "1989": 38.82, 
      "1990": 38.82, 
      "1991": 38.82, 
      "1992": 38.82, 
      "1993": 38.82, 
      "1994": 38.82, 
      "1995": 38.82, 
      "1996": 60.41, 
      "1997": 60.41, 
      "1998": 60.41, 
      "1999": 60.41, 
      "2000": 60.41, 
      "2001": 60.41, 
      "2002": 62.56, 
      "2003": 62.29, 
      "2004": 58.7, 
      "2005": 57.47, 
      "2006": 57.47, 
      "2007": 53.53, 
      "2008": 58.37, 
      "2009": 75.12, 
      "2010": 57.17, 
      "2011": 55.07, 
      "2012": 56.39, 
      "2013": 56.46, 
      "2014": 59.9, 
      "2015": 54.74, 
      "2016": 54.74, 
      "2017": 52.67, 
      "2018": 52.67, 
      "2019": 52.67, 
      "Country Code": "UGA", 
      "Country Name": "Uganda", 
      "_id": "doc_25"
    }, 
    {
      "1970": 20.97, 
      "1971": 20.97, 
      "1972": 21.67, 
      "1973": 22.23, 
      "1974": 22.3, 
      "1975": 23.71, 
      "1976": 24.2, 
      "1977": 24.88, 
      "1978": 26.37, 
      "1979": 26.82, 
      "1980": 27.63, 
      "1981": 28.35, 
      "1982": 30.54, 
      "1983": 30.78, 
      "1984": 30.92, 
      "1985": 30.94, 
      "1986": 31.87, 
      "1987": 30.99, 
      "1988": 29.97, 
      "1989": 28.83, 
      "1990": 30.23, 
      "1991": 31.64, 
      "1992": 31.94, 
      "1993": 34.59, 
      "1994": 33.87, 
      "1995": 34.72, 
      "1996": 37.25, 
      "1997": 39.62, 
      "1998": 55.97, 
      "1999": 55.97, 
      "2000": 58.85, 
      "2001": 58.85, 
      "2002": 57.93, 
      "2003": 61.01, 
      "2004": 60.05, 
      "2005": 59.81, 
      "2006": 59.81, 
      "2007": 63.36, 
      "2008": 63.36, 
      "2009": 63.36, 
      "2010": 65.45, 
      "2011": 65.45, 
      "2012": 69.85, 
      "2013": 69.7, 
      "2014": 69.7, 
      "2015": 69.7, 
      "2016": 72.3, 
      "2017": 72.3, 
      "2018": 72.3, 
      "2019": 72.3, 
      "Country Code": "YEM", 
      "Country Name": "Yemen, Rep.", 
      "_id": "doc_26"
    }
  ]
  